{
  "total_holding_cost": 234252.9023140918,
  "total_stockout_cost": 6968969080.048199,
  "total_missed_qty": 67393521.92397168,
  "total_cost": 6969203332.950513
}