{
  "total_holding_cost": 21515.778708551334,
  "total_stockout_cost": 717270.4802068174,
  "total_missed_qty": 8391.920668390143,
  "total_cost": 738786.2589153687
}