{
  "total_holding_cost": 263446.06561058515,
  "total_stockout_cost": 7575288663.858181,
  "total_missed_qty": 73367568.0977577,
  "total_cost": 7575552109.923792
}