{
  "total_holding_cost": 1183602.016021242,
  "total_stockout_cost": 4819653.13053089,
  "total_missed_qty": 46684.707065818104,
  "total_cost": 6003255.146552132
}