{"expected_kpis_distributions": {"total_holding_cost": [175115.00000000035, 175115.00000000035, 175115.00000000035, 175115.00000000035, 175115.00000000035, 175115.00000000035, 175115.00000000035, 175115.00000000035, 175115.00000000035, 175115.00000000035, 175115.00000000035, 175115.00000000035, 175115.00000000035, 175115.00000000035, 175115.00000000035, 175115.00000000035, 175115.00000000035, 175115.00000000035, 175115.00000000035, 175115.00000000035], "total_stockout_cost": [20800.0, 20800.0, 20800.0, 20800.0, 20800.0, 20800.0, 20800.0, 20800.0, 20800.0, 20800.0, 20800.0, 20800.0, 20800.0, 20800.0, 20800.0, 20800.0, 20800.0, 20800.0, 20800.0, 20800.0]}, "oracle_runs_completed": 20, "source_case": "Hook_Base"}