{
  "total_holding_cost": 252553.8120279825,
  "total_stockout_cost": 7457042286.225312,
  "total_missed_qty": 72210598.82449846,
  "total_cost": 7457294840.03734
}