{
  "total_holding_cost": 263212.006798032,
  "total_stockout_cost": 7350965791.729782,
  "total_missed_qty": 71150987.10432449,
  "total_cost": 7351229003.73658
}