{
  "total_holding_cost": 55999.88970974556,
  "total_stockout_cost": 15367.557566385756,
  "total_missed_qty": 128.0629797198813,
  "total_cost": 71367.44727613132
}