{
  "total_holding_cost": 1883856.1958987564,
  "total_stockout_cost": 1524432.0,
  "total_missed_qty": 25407.199999999983,
  "total_cost": 3408288.1958987564
}