{
  "total_holding_cost": 130566.84353302576,
  "total_stockout_cost": 84453241.07318571,
  "total_missed_qty": 703777.0089432147,
  "total_cost": 84583807.91671874
}