{
  "total_holding_cost": 1356833.0838573407,
  "total_stockout_cost": 3874459.6235396606,
  "total_missed_qty": 42697.87264712288,
  "total_cost": 5231292.707397001
}