{
  "total_holding_cost": 185168.7317779911,
  "total_stockout_cost": 106622.67351797294,
  "total_missed_qty": 2213.131287373957,
  "total_cost": 291791.40529596404
}