{
  "total_holding_cost": 70951.49966878958,
  "total_stockout_cost": 6053149.203531228,
  "total_missed_qty": 74336.21191441029,
  "total_cost": 6124100.703200018
}