{
  "total_holding_cost": 285255.0751708093,
  "total_stockout_cost": 5718381.918681424,
  "total_missed_qty": 72927.85306253408,
  "total_cost": 6003636.9938522335
}