{
  "total_holding_cost": 355157.265326306,
  "total_stockout_cost": 5671086.425299669,
  "total_missed_qty": 72969.98004828618,
  "total_cost": 6026243.690625975
}