{
  "total_holding_cost": 60365.91756687783,
  "total_stockout_cost": 549933.0771843495,
  "total_missed_qty": 8180.465717627147,
  "total_cost": 610298.9947512273
}