{
  "total_holding_cost": 91028.38984003152,
  "total_stockout_cost": 4289601.127177375,
  "total_missed_qty": 55613.42843633545,
  "total_cost": 4380629.517017407
}