{
  "total_holding_cost": 259991.95656239695,
  "total_stockout_cost": 7600233829.887886,
  "total_missed_qty": 73612717.17578338,
  "total_cost": 7600493821.844448
}