{
  "total_holding_cost": 264767.3549145661,
  "total_stockout_cost": 7574795776.109823,
  "total_missed_qty": 73358311.41851522,
  "total_cost": 7575060543.464738
}