{
  "total_holding_cost": 254947.27295308912,
  "total_stockout_cost": 7481684552.463066,
  "total_missed_qty": 72395351.48399176,
  "total_cost": 7481939499.736019
}