{
  "total_holding_cost": 1073338.720028017,
  "total_stockout_cost": 4858645.784391314,
  "total_missed_qty": 43261.58046883697,
  "total_cost": 5931984.5044193305
}