{"expected_kpis_distributions": {"total_holding_cost": [240765.6000000002, 240765.6000000002, 240765.6000000002, 240765.6000000002, 240765.6000000002, 240765.6000000002, 240765.6000000002, 240765.6000000002, 240765.6000000002, 240765.6000000002, 240765.6000000002, 240765.6000000002, 240765.6000000002, 240765.6000000002, 240765.6000000002, 240765.6000000002, 240765.6000000002, 240765.6000000002, 240765.6000000002, 240765.6000000002], "total_stockout_cost": [53760.0, 53760.0, 53760.0, 53760.0, 53760.0, 53760.0, 53760.0, 53760.0, 53760.0, 53760.0, 53760.0, 53760.0, 53760.0, 53760.0, 53760.0, 53760.0, 53760.0, 53760.0, 53760.0, 53760.0], "service_level": [1.0, 1.0, 1.0, 1.0, 1.0, 1.0, 1.0, 1.0, 1.0, 1.0, 1.0, 1.0, 1.0, 1.0, 1.0, 1.0, 1.0, 1.0, 1.0, 1.0]}, "oracle_runs_completed": 20, "source_case": "Promo_Base"}