{
  "total_holding_cost": 993519.2340145529,
  "total_stockout_cost": 1886590.518821735,
  "total_missed_qty": 22632.91574263586,
  "total_cost": 2880109.752836288
}