{
  "total_holding_cost": 1007107.2658334003,
  "total_stockout_cost": 4871894.100323719,
  "total_missed_qty": 42415.54676632575,
  "total_cost": 5879001.366157119
}