{
  "total_holding_cost": 255738.37319264427,
  "total_stockout_cost": 7162597225.474855,
  "total_missed_qty": 69296262.86991908,
  "total_cost": 7162852963.848048
}