{
  "total_holding_cost": 261807.72108375002,
  "total_stockout_cost": 7325460120.3012295,
  "total_missed_qty": 70899959.67575309,
  "total_cost": 7325721928.022313
}