{
  "total_holding_cost": 261284.8440188584,
  "total_stockout_cost": 7430895386.774871,
  "total_missed_qty": 71939783.74238317,
  "total_cost": 7431156671.61889
}