{
  "total_holding_cost": 86669.0393359177,
  "total_stockout_cost": 4489573.830081486,
  "total_missed_qty": 57608.644733226225,
  "total_cost": 4576242.869417404
}