{
  "total_holding_cost": 84610.81755763649,
  "total_stockout_cost": 4857106.63279726,
  "total_missed_qty": 62246.02341543448,
  "total_cost": 4941717.4503548965
}