{
  "total_holding_cost": 97569.12284859947,
  "total_stockout_cost": 3989653.1197459996,
  "total_missed_qty": 52597.592629269835,
  "total_cost": 4087222.2425945993
}