{
  "total_holding_cost": 363220.8869573021,
  "total_stockout_cost": 5796935.0275673615,
  "total_missed_qty": 74484.56254520101,
  "total_cost": 6160155.914524663
}