{
  "total_holding_cost": 88852.96771438455,
  "total_stockout_cost": 4579388.6843891945,
  "total_missed_qty": 59142.102973242196,
  "total_cost": 4668241.652103579
}