{
  "total_holding_cost": 1134452.1128147417,
  "total_stockout_cost": 2366019.1931000007,
  "total_missed_qty": 27000.11995687501,
  "total_cost": 3500471.3059147424
}