{"expected_kpis_distributions": {"total_holding_cost": [95172.9595668464, 95172.9595668464, 95172.9595668464, 95172.9595668464, 95172.9595668464, 95172.9595668464, 95172.9595668464, 95172.9595668464, 95172.9595668464, 95172.9595668464, 95172.9595668464, 95172.9595668464]}, "oracle_runs_completed": 12, "source_case": "Noise_Base"}