{"expected_kpis_distributions": {"total_backorder_qty": [0.0, 0.0, 0.0, 0.0, 0.0, 0.0, 0.0, 0.0, 0.0, 0.0, 0.0, 0.0, 0.0, 0.0, 0.0, 0.0, 0.0, 0.0, 0.0, 0.0], "avg_abs_inventory": [8425.683333333332, 8425.683333333332, 8425.683333333332, 8425.683333333332, 8425.683333333332, 8425.683333333332, 8425.683333333332, 8425.683333333332, 8425.683333333332, 8425.683333333332, 8425.683333333332, 8425.683333333332, 8425.683333333332, 8425.683333333332, 8425.683333333332, 8425.683333333332, 8425.683333333332, 8425.683333333332, 8425.683333333332, 8425.683333333332]}, "oracle_runs_completed": 20, "source_case": "Static_Default"}