{
  "total_holding_cost": 135252.23221139878,
  "total_stockout_cost": 2764115.3012682786,
  "total_missed_qty": 23034.294177235617,
  "total_cost": 2899367.5334796775
}