{
  "total_holding_cost": 264246.27055679366,
  "total_stockout_cost": 7614393963.401815,
  "total_missed_qty": 73752668.67672679,
  "total_cost": 7614658209.672372
}