{
  "total_holding_cost": 1133488.8454632293,
  "total_stockout_cost": 3339182.2157192705,
  "total_missed_qty": 34374.826348245406,
  "total_cost": 4472671.0611825
}