{
  "total_holding_cost": 69531.30325801742,
  "total_stockout_cost": 6399923.6208009515,
  "total_missed_qty": 76732.45928364199,
  "total_cost": 6469454.924058969
}