{
  "total_holding_cost": 237254.47292138278,
  "total_stockout_cost": 8011686473.248623,
  "total_missed_qty": 77677908.69442001,
  "total_cost": 8011923727.721544
}