{
  "total_holding_cost": 233244.43889971054,
  "total_stockout_cost": 7754367788.203641,
  "total_missed_qty": 75144681.48349677,
  "total_cost": 7754601032.642541
}