{
  "total_holding_cost": 85991.17671275302,
  "total_stockout_cost": 4623230.802047674,
  "total_missed_qty": 59483.06071663484,
  "total_cost": 4709221.978760427
}