{
  "total_holding_cost": 93368.99800070055,
  "total_stockout_cost": 4369232.610328886,
  "total_missed_qty": 57094.81285792352,
  "total_cost": 4462601.608329587
}