{
  "total_holding_cost": 345614.73695676576,
  "total_stockout_cost": 144168590.93614668,
  "total_missed_qty": 360421.4773403669,
  "total_cost": 144514205.67310345
}