{
  "total_holding_cost": 81149.25209733761,
  "total_stockout_cost": 5214905.655758266,
  "total_missed_qty": 65610.16713131877,
  "total_cost": 5296054.907855604
}