{
  "total_holding_cost": 69808.87472726018,
  "total_stockout_cost": 6865572.320955176,
  "total_missed_qty": 82596.42267462637,
  "total_cost": 6935381.195682436
}