{
  "total_holding_cost": 24784.113854981257,
  "total_stockout_cost": 1068446.8202429812,
  "total_missed_qty": 12896.264739099697,
  "total_cost": 1093230.9340979625
}