{
  "total_holding_cost": 241686.99450889495,
  "total_stockout_cost": 5678168489.772685,
  "total_missed_qty": 54567755.881322235,
  "total_cost": 5678410176.767194
}