{
  "total_holding_cost": 1192249.9541975884,
  "total_stockout_cost": 1381614.7130483373,
  "total_missed_qty": 19059.4669565521,
  "total_cost": 2573864.6672459254
}