{
  "total_holding_cost": 251442.905431234,
  "total_stockout_cost": 7998179882.498405,
  "total_missed_qty": 77538292.20624603,
  "total_cost": 7998431325.403836
}