{
  "total_holding_cost": 925847.5935204801,
  "total_stockout_cost": 3462474.5660575014,
  "total_missed_qty": 32589.270633790173,
  "total_cost": 4388322.159577982
}