{
  "total_holding_cost": 855372.9511029355,
  "total_stockout_cost": 4227129.536529755,
  "total_missed_qty": 35726.27831364039,
  "total_cost": 5082502.487632691
}