{
  "total_holding_cost": 1003016.9078621186,
  "total_stockout_cost": 4733013.64130594,
  "total_missed_qty": 41948.34150816217,
  "total_cost": 5736030.549168059
}