{
  "total_holding_cost": 886181.4538393116,
  "total_stockout_cost": 2653003.698694708,
  "total_missed_qty": 26521.474535776862,
  "total_cost": 3539185.152534019
}