{
  "total_holding_cost": 990273.6512243198,
  "total_stockout_cost": 2586058.7443248485,
  "total_missed_qty": 25858.285468424907,
  "total_cost": 3576332.3955491683
}