{
  "total_holding_cost": 940805.959085946,
  "total_stockout_cost": 2849333.84747486,
  "total_missed_qty": 28759.498044899625,
  "total_cost": 3790139.806560806
}