{
  "total_holding_cost": 1191254.418224617,
  "total_stockout_cost": 1222389.7590732144,
  "total_missed_qty": 19447.24515429102,
  "total_cost": 2413644.1772978315
}